Name,Tot. Statements,Tot. Branches,Deployed,Avg. Test Case Length,Branches Covered,Generations,Blockchain Time,Offchain Time,Total Time,Branch %
Casino,38,29,0,5.52,25.0,100,6675.188309,1543.910902999999,8219.099212,0.8620689655172413
MyAdvancedToken,53,3,1,3.3333333333333335,3.0,0,93.113597,35.84155200000001,128.955149,1.0
GuardCheck,10,14,0,5.142857142857143,14.0,0,59.762019,11.024847000000001,70.786866,1.0
Casino,38,29,0,5.84,25.0,100,6852.547195,1490.6447259999995,8343.191921,0.8620689655172413
Rubixi,56,102,1,2.656716417910448,67.0,100,4382.686017,1969.5676359999998,6352.253653,0.6568627450980392
Randomness,22,17,0,2.4375,16.0,100,6244.4947,1414.3749399999997,7658.86964,0.9411764705882353
OpenAddressLottery,30,34,1,2.625,32.0,100,18494.127454,4512.270730999997,23006.398185,0.9411764705882353
Reentrance,9,14,1,2.0,13.0,100,5617.346519,1144.4442020000006,6761.790721,0.9285714285714286
Greeter2,13,60,0,7.783333333333333,60.0,0,128.321613,59.941010999999975,188.262624,1.0
Reentrance,9,14,1,2.3846153846153846,13.0,100,5967.365854,1202.1775820000003,7169.543436,0.9285714285714286
OpenAddressLottery,30,34,1,2.03125,32.0,100,19783.766392,5588.010646999999,25371.777039,0.9411764705882353
Randomness,22,17,0,2.4375,16.0,100,6557.695812,1423.8211389999997,7981.516951,0.9411764705882353
Rubixi,56,102,1,4.402985074626866,67.0,100,3775.391429,1613.5768520000006,5388.968281,0.6568627450980392
GuardCheck,10,14,0,4.5,14.0,0,70.178572,13.949491999999992,84.128064,1.0
Casino,38,29,0,5.72,25.0,100,6386.419251,1402.770136,7789.189387,0.8620689655172413
Casino,38,29,0,5.72,25.0,100,5805.88993,1317.7716249999994,7123.661555,0.8620689655172413
MultiSigWallet (1),56,70,0,2.8548387096774195,61.0,100,12301.277028,4213.9028450000005,16515.179873,0.8714285714285714
MyAdvancedToken,53,3,1,2.0,3.0,0,94.073892,39.15742700000001,133.231319,1.0
GuardCheck,10,14,0,4.0,14.0,0,68.906426,14.702179000000001,83.608605,1.0
BadAuction,7,7,0,3.0,7.0,0,70.717705,13.662779,84.380484,1.0
OpenAddressLottery,30,34,1,2.03125,32.0,100,19790.996384,5481.389179000002,25272.385563,0.9411764705882353
Greeter2,13,60,0,6.5,60.0,0,121.402024,57.14229200000001,178.544316,1.0
Greeter2,13,60,0,5.85,60.0,0,119.147051,52.405912,171.552963,1.0
BadAuction,7,7,0,2.857142857142857,7.0,0,74.021684,14.50873700000001,88.530421,1.0
GuardCheck,10,14,0,5.357142857142857,14.0,0,125.828695,27.54545499999999,153.37415,1.0
MyAdvancedToken,53,3,1,2.3333333333333335,3.0,0,95.66901,36.814451000000005,132.483461,1.0
MultiSigWallet (1),56,70,0,6.225352112676056,70.0,69,7614.422575,2477.0810659999997,10091.503641,1.0
theRun,62,83,1,2.0588235294117645,34.0,100,8222.891109,2662.7450929999995,10885.636202,0.40963855421686746
Casino,38,29,0,5.72,25.0,100,6921.17335,1552.4897429999992,8473.663093,0.8620689655172413
FixedSupplyToken,39,22,1,2.0,21.0,100,5824.646322,1490.8761220000006,7315.522444,0.9545454545454546
Casino,38,29,0,5.88,25.0,100,7107.036802,1647.983220000001,8755.020022,0.8620689655172413
theRun,62,83,1,2.2058823529411766,34.0,100,6195.005704,2038.1521089999997,8233.157813,0.40963855421686746
GuardCheck,10,14,0,5.857142857142857,14.0,0,65.925518,14.922420000000002,80.847938,1.0
MyAdvancedToken,53,3,1,2.6666666666666665,3.0,0,88.444425,37.361603,125.806028,1.0
Greeter2,13,60,0,7.766666666666667,60.0,0,134.15083,66.89164799999998,201.042478,1.0
OpenAddressLottery,30,34,1,2.6875,32.0,100,19435.160745,5421.901507999999,24857.062253,0.9411764705882353
Prover,27,17,1,4.411764705882353,17.0,0,125.301795,51.53670299999999,176.838498,1.0
Prover,27,17,1,4.529411764705882,17.0,0,133.793186,52.625191,186.418377,1.0
OpenAddressLottery,30,34,1,3.0625,32.0,100,19520.217553,5216.558043000001,24736.775596,0.9411764705882353
Greeter2,13,60,0,5.316666666666666,60.0,0,114.762394,52.16734600000001,166.92974,1.0
theRun,62,83,1,2.0294117647058822,34.0,100,8875.738641,2799.415440999999,11675.154082,0.40963855421686746
MyAdvancedToken,53,3,1,2.6666666666666665,3.0,0,87.543687,35.82204999999999,123.365737,1.0
Casino,38,29,0,6.16,25.0,100,6539.348168,1333.5779819999998,7872.92615,0.8620689655172413
Rubixi,56,102,1,3.3582089552238807,67.0,100,3578.214741,1475.6189290000002,5053.83367,0.6568627450980392
FixedSupplyToken,39,22,1,2.0,21.0,100,6494.575157,1697.3654529999994,8191.94061,0.9545454545454546
GuardCheck,10,14,0,4.0,14.0,0,67.647092,15.087896,82.734988,1.0
MyAdvancedToken,53,3,1,2.6666666666666665,3.0,0,101.80671,41.85401399999999,143.660724,1.0
OpenAddressLottery,30,34,1,2.53125,32.0,100,19128.6915,5079.014359000001,24207.705859,0.9411764705882353
EzToken,31,11,1,3.8181818181818183,11.0,0,91.360244,36.49855600000001,127.8588,1.0
Greeter2,13,60,0,9.5,60.0,0,122.094907,57.18209999999999,179.277007,1.0
OpenAddressLottery,30,34,1,2.25,32.0,100,19237.83312,4975.636988000002,24213.470108,0.9411764705882353
DosAuction,7,7,1,2.857142857142857,7.0,0,51.565357,9.67194,61.237297,1.0
DosAuction,7,7,1,4.428571428571429,7.0,0,59.303121,10.568543999999996,69.871665,1.0
OpenAddressLottery,30,34,1,2.84375,32.0,100,20120.042876,5904.327757999999,26024.370634,0.9411764705882353
Greeter2,13,60,0,6.866666666666666,60.0,0,124.847209,57.795608,182.642817,1.0
EtherBank,13,17,0,2.4285714285714284,14.0,100,7318.559262,1417.4807740000006,8736.040036,0.8235294117647058
EzToken,31,11,1,6.181818181818182,11.0,0,102.693641,38.538458000000006,141.232099,1.0
MyAdvancedToken,53,3,1,2.3333333333333335,3.0,0,94.650344,38.05146899999998,132.701813,1.0
GuardCheck,10,14,0,3.142857142857143,14.0,0,66.786854,14.586643999999993,81.373498,1.0
Casino,38,29,0,6.4,25.0,100,6795.157277,1460.0416839999998,8255.198961,0.8620689655172413
Greeter3,15,73,0,8.397260273972602,73.0,2,358.780508,142.66416199999998,501.44467,1.0
IdentityManager,49,90,1,2.647887323943662,71.0,100,9752.726515,3593.7399540000006,13346.466469,0.7888888888888889
VulnerableTwoStep,11,10,0,4.4,10.0,0,61.409969,10.006574000000008,71.416543,1.0
EIP20StandardToken,24,13,1,5.0,13.0,0,71.71986,23.24145200000001,94.961312,1.0
EasyPayAndWithDraw,7,8,0,8.0,8.0,2,357.144585,66.89738899999998,424.041974,1.0
LotteryMultipleWinners,31,45,0,9.0,45.0,39,7501.892105,2485.4349379999994,9987.327043,1.0
EtherBank,13,17,0,2.142857142857143,14.0,100,5130.917289,957.3827039999996,6088.299993,0.8235294117647058
PermissionGroups,58,86,1,10.523255813953488,86.0,30,3665.199866,1210.0466050000005,4875.246471,1.0
FundRaising,23,21,0,5.714285714285714,21.0,0,61.067732,17.925470999999995,78.993203,1.0
SecureAuction,11,6,1,4.0,6.0,0,72.447249,18.050685,90.497934,1.0
BasicToken,11,8,0,5.125,8.0,0,75.503937,23.956784000000013,99.460721,1.0
BasicToken,11,8,0,2.125,8.0,0,63.193097,18.944933,82.13803,1.0
SecureAuction,11,6,1,4.0,6.0,0,81.831243,18.856624999999994,100.687868,1.0
FundRaising,23,21,0,8.19047619047619,21.0,0,57.370932,18.420475000000003,75.791407,1.0
EasyPayAndWithDraw,7,8,0,4.625,8.0,4,535.843075,96.63420900000006,632.477284,1.0
EtherBank,13,17,0,2.4285714285714284,14.0,100,5271.74348,1028.7915750000002,6300.535055,0.8235294117647058
LotteryMultipleWinners,31,45,0,9.022727272727273,44.0,100,12011.960065,3571.5424430000003,15583.502508,0.9777777777777777
EasyPayAndWithDraw,7,8,0,6.0,8.0,2,313.012156,58.93827299999998,371.950429,1.0
MyAdvancedToken,53,3,1,2.0,3.0,0,106.700293,42.846188,149.546481,1.0
EIP20StandardToken,24,13,1,5.0,13.0,0,74.897631,23.551514999999995,98.449146,1.0
FixedSupplyToken,39,22,1,2.8636363636363638,22.0,13,953.713457,256.73796700000014,1210.451424,1.0
IdentityManager,49,90,1,4.733333333333333,75.0,100,13548.251695,5257.459395,18805.71109,0.8333333333333334
Greeter3,15,73,0,7.7534246575342465,73.0,0,106.605924,46.045439,152.651363,1.0
MultiSigWallet (2),59,83,0,6.341463414634147,82.0,100,13984.28134,5036.100056000001,19020.381396,0.9879518072289156
VulnerableTwoStep,11,10,0,4.2,10.0,0,63.824694,13.338919999999995,77.163614,1.0
EIP20StandardToken,24,13,1,4.230769230769231,13.0,0,78.505103,26.211645999999988,104.716749,1.0
LotteryMultipleWinners,31,45,0,10.222222222222221,45.0,50,9079.772809,2973.0774899999997,12052.850299,1.0
Greeter,15,81,0,9.481481481481481,81.0,0,123.558175,56.823462000000006,180.381637,1.0
Gift_1_ETH,18,18,1,2.0714285714285716,14.0,100,6557.859665,1475.161153,8033.020818,0.7777777777777778
PermissionGroups,58,86,1,7.953488372093023,86.0,52,4990.89806,1731.4527709999993,6722.350831,1.0
FundRaising,23,21,0,5.333333333333333,21.0,0,59.242437,19.213283999999994,78.455721,1.0
MultiSigWallet (2),59,83,0,4.12987012987013,77.0,100,19507.332862,7318.2313859999995,26825.564248,0.927710843373494
TestDateTime,160,252,1,2.5375,240.0,100,11011.728926,6464.249993000001,17475.978919,0.9523809523809523
SecureAuction,11,6,1,4.0,6.0,0,68.820698,16.275237000000004,85.095935,1.0
BasicToken,11,8,0,2.625,8.0,0,69.706847,21.366443000000004,91.07329,1.0
BasicToken,11,8,0,5.625,8.0,0,76.44504,25.323536999999988,101.768577,1.0
SecureAuction,11,6,1,3.0,6.0,0,74.786926,18.848985,93.635911,1.0
TestDateTime,160,252,1,2.3333333333333335,240.0,100,8786.654148,5052.883225,13839.537373,0.9523809523809523
TestDateTime,160,252,1,2.1380753138075312,239.0,100,15744.233883,9852.405719999999,25596.639603,0.9484126984126984
MultiSigWallet (2),59,83,0,3.056338028169014,71.0,100,14013.498923,4524.589409,18538.088332,0.8554216867469879
FundRaising,23,21,0,4.619047619047619,21.0,0,66.371872,19.501703000000006,85.873575,1.0
PermissionGroups,58,86,1,9.16470588235294,85.0,100,8859.18432,2922.3166679999995,11781.500988,0.9883720930232558
Reentrance,9,14,1,2.0,13.0,100,5783.235705,1125.3245610000004,6908.560266,0.9285714285714286
Greeter,15,81,0,5.54320987654321,81.0,6,729.502964,306.66815399999996,1036.171118,1.0
LotteryMultipleWinners,31,45,0,7.977777777777778,45.0,86,11405.54809,3544.3082830000003,14949.856373,1.0
EasyPayAndWithDraw,7,8,0,12.0,8.0,2,334.504147,61.67461900000001,396.178766,1.0
EIP20StandardToken,24,13,1,5.846153846153846,13.0,0,64.453517,19.887636,84.341153,1.0
VulnerableTwoStep,11,10,0,6.3,10.0,0,60.833951,13.040582,73.874533,1.0
Greeter3,15,73,0,8.58904109589041,73.0,0,106.988495,45.10837900000001,152.096874,1.0
Greeter3,15,73,0,7.767123287671233,73.0,0,96.808308,41.800067999999996,138.608376,1.0
AddressBook,19,54,0,7.462962962962963,54.0,3,370.290714,138.31764600000002,508.60836,1.0
PermissionGroups,58,86,1,8.988372093023257,86.0,71,6443.755611,2234.7633159999996,8678.518927,1.0
VulnerableTwoStep,11,10,0,6.6,10.0,0,62.222541,12.263714999999998,74.486256,1.0
EIP20StandardToken,24,13,1,4.076923076923077,13.0,0,79.539413,25.250771,104.790184,1.0
EasyPayAndWithDraw,7,8,0,11.5,8.0,1,181.885348,37.18986699999999,219.075215,1.0
GuessTheNumberChallenge,6,8,0,24.5,8.0,0,19.535513,7.2861329999999995,26.821646,1.0
PermissionGroups,58,86,1,5.083333333333333,84.0,100,13624.640534,5955.466968999999,19580.107503,0.9767441860465116
LotteryFor10,45,44,1,3.86046511627907,43.0,100,11779.196287,4872.500719999998,16651.697007,0.9772727272727273
SecureAuction,11,6,1,3.1666666666666665,6.0,0,70.362773,17.780744,88.143517,1.0
FundRaising,23,21,0,6.095238095238095,21.0,0,63.597149,19.52574,83.122889,1.0
BasicToken,11,8,0,2.75,8.0,0,70.47896,21.569548999999995,92.048509,1.0
BasicToken,11,8,0,3.375,8.0,0,76.700074,22.563221999999996,99.263296,1.0
Greeter2,13,60,0,8.15,60.0,0,127.526535,58.29792499999999,185.82446,1.0
Greeter,15,81,0,6.716049382716049,81.0,0,113.122617,53.51183400000001,166.634451,1.0
SecureAuction,11,6,1,5.0,6.0,0,76.988975,17.696095,94.68507,1.0
LotteryFor10,45,44,1,4.372093023255814,43.0,100,10117.537109,3933.4338479999988,14050.970957,0.9772727272727273
GuessTheNumberChallenge,6,8,0,15.125,8.0,0,22.864134,8.010345999999998,30.87448,1.0
SecureAuction,11,6,1,3.1666666666666665,6.0,0,72.985424,18.224467000000004,91.209891,1.0
PermissionGroups,58,86,1,6.744186046511628,86.0,42,3353.751309,1255.752125,4609.503434,1.0
LotteryMultipleWinners,31,45,0,5.555555555555555,45.0,45,4967.167505,1552.1832689999992,6519.350774,1.0
EasyPayAndWithDraw,7,8,0,11.875,8.0,2,307.567253,56.773776999999995,364.34103,1.0
EIP20StandardToken,24,13,1,5.769230769230769,13.0,0,77.23232,24.327242999999996,101.559563,1.0
VulnerableTwoStep,11,10,0,3.9,10.0,0,60.922307,11.569681000000003,72.491988,1.0
AddressBook,19,54,0,10.055555555555555,54.0,2,254.853178,95.27046899999999,350.123647,1.0
Greeter3,15,73,0,7.342465753424658,73.0,0,104.183177,45.96194,150.145117,1.0
Greeter3,15,73,0,10.383561643835616,73.0,0,105.342174,45.088825000000014,150.430999,1.0
VulnerableTwoStep,11,10,0,4.3,10.0,0,52.311934,10.481125999999996,62.79306,1.0
EIP20StandardToken,24,13,1,6.846153846153846,13.0,0,76.425864,24.237555,100.663419,1.0
EasyPayAndWithDraw,7,8,0,8.25,8.0,1,226.931631,47.50488499999997,274.436516,1.0
LotteryMultipleWinners,31,45,0,6.7555555555555555,45.0,100,9644.395228,2919.211115,12563.606343,1.0
PermissionGroups,58,86,1,7.744186046511628,86.0,60,7125.560941,2419.6919240000007,9545.252865,1.0
VulnerableTwoStep,11,10,0,7.4,10.0,0,60.40739,12.490834999999997,72.898225,1.0
LotteryMultipleWinners,31,45,0,9.666666666666666,45.0,12,2019.05728,624.7543700000001,2643.81165,1.0
Gift_1_ETH,18,18,1,2.0,14.0,100,5545.366926,1164.7018470000003,6710.068773,0.7777777777777778
SecureAuction,11,6,1,3.3333333333333335,6.0,0,64.049777,14.998494999999991,79.048272,1.0
FundRaising,23,21,0,6.904761904761905,21.0,0,58.915515,17.388458,76.303973,1.0
BasicToken,11,8,0,2.375,8.0,0,69.605648,20.535850999999994,90.141499,1.0
FundRaising,23,21,0,5.904761904761905,21.0,0,66.357328,20.180431,86.537759,1.0
Gift_1_ETH,18,18,1,2.0,14.0,100,6808.251324,1495.3657730000004,8303.617097,0.7777777777777778
PermissionGroups,58,86,1,4.127906976744186,86.0,53,4277.234509,1345.4310489999998,5622.665558,1.0
LotteryMultipleWinners,31,45,0,8.545454545454545,44.0,100,16071.54938,4885.650948999999,20957.200329,0.9777777777777777
EasyPayAndWithDraw,7,8,0,7.5,8.0,1,216.538031,44.50211999999999,261.040151,1.0
EIP20StandardToken,24,13,1,5.230769230769231,13.0,0,80.345204,25.46974200000001,105.814946,1.0
VulnerableTwoStep,11,10,0,6.0,10.0,0,57.635695,11.320338000000007,68.956033,1.0
Greeter3,15,73,0,6.465753424657534,73.0,9,1361.803584,553.1952309999999,1914.998815,1.0
AddressBook,19,54,0,9.907407407407407,54.0,1,107.798089,44.79379,152.591879,1.0
IdentityManager,49,90,1,4.671232876712328,73.0,100,14261.344248,5184.650760000002,19445.995008,0.8111111111111111
VulnerableTwoStep,11,10,0,4.3,10.0,0,60.274908,11.768255000000003,72.043163,1.0
Greeter,15,81,0,6.7407407407407405,81.0,0,113.394494,50.45252900000001,163.847023,1.0
PermissionGroups,58,86,1,6.267441860465116,86.0,62,5315.972121,1711.9927670000006,7027.964888,1.0
GuessTheNumberChallenge,6,8,0,17.75,8.0,0,19.834491,7.397794999999999,27.232286,1.0
LotteryFor10,45,44,1,5.046511627906977,43.0,100,12610.998036,4565.3928419999975,17176.390878,0.9772727272727273
Gift_1_ETH,18,18,1,2.0,14.0,100,5345.08336,1125.1748640000005,6470.258224,0.7777777777777778
TestDateTime,160,252,1,2.2979591836734694,245.0,100,5984.647469,3415.1982500000013,9399.845719,0.9722222222222222
MultiSigWallet (2),59,83,0,3.1948051948051948,77.0,100,10877.388811,3698.198794,14575.587605,0.927710843373494
MultiSigWallet (2),59,83,0,2.958904109589041,73.0,100,11042.140749,3544.147153,14586.287902,0.8795180722891566
Randomness,22,17,0,2.4375,16.0,100,5867.723255,1254.8469610000002,7122.570216,0.9411764705882353
TestDateTime,160,252,1,2.2081632653061223,245.0,100,21196.510151,13010.512625,34207.022776,0.9722222222222222
Gift_1_ETH,18,18,1,2.0,14.0,100,5242.059604,1045.4735369999999,6287.533141,0.7777777777777778
LotteryFor10,45,44,1,4.534883720930233,43.0,100,9609.897525,3148.9106169999995,12758.808142,0.9772727272727273
PermissionGroups,58,86,1,4.976744186046512,86.0,87,7365.381019,2465.4746259999993,9830.855645,1.0
GuessTheNumberChallenge,6,8,0,7.375,8.0,0,18.188172,6.764043999999998,24.952216,1.0
Greeter,15,81,0,8.45679012345679,81.0,0,113.472927,55.632101000000006,169.105028,1.0
EtherBank,13,17,0,2.2857142857142856,14.0,100,5489.763772,1015.3317189999998,6505.095491,0.8235294117647058
VulnerableTwoStep,11,10,0,5.9,10.0,0,56.037118,10.837978999999997,66.875097,1.0
BadAuction,7,7,0,2.4285714285714284,7.0,0,64.462397,12.733320000000006,77.195717,1.0
AddressBook,19,54,0,10.74074074074074,54.0,2,253.281495,97.05702600000001,350.338521,1.0
AddressBook,19,54,0,8.907407407407407,54.0,2,259.975967,99.82022999999998,359.796197,1.0
Greeter3,15,73,0,8.150684931506849,73.0,0,109.714068,45.28966600000001,155.003734,1.0
IdentityManager,49,90,1,2.464788732394366,71.0,100,6573.544758,2257.8282870000003,8831.373045,0.7888888888888889
EasyPayAndWithDraw,7,8,0,7.5,8.0,4,479.247518,87.24128299999995,566.488801,1.0
EtherBank,13,17,0,2.2857142857142856,14.0,100,4379.277005,803.5573999999997,5182.834405,0.8235294117647058
GuessTheNumberChallenge,6,8,0,25.0,8.0,0,19.434201,7.259359,26.69356,1.0
Gift_1_ETH,18,18,1,2.0,14.0,100,4234.327297,864.9272710000005,5099.254568,0.7777777777777778
LotteryFor10,45,44,1,3.7906976744186047,43.0,100,10808.008646,4116.13134,14924.139986,0.9772727272727273
MultiSigWallet (2),59,83,0,3.4285714285714284,77.0,100,18497.099362,6496.925555999998,24994.024918,0.927710843373494
TestDateTime,160,252,1,2.3541666666666665,240.0,100,9033.547281,5282.984367000001,14316.531648,0.9523809523809523
LotteryFor10,45,44,1,5.255813953488372,43.0,100,11303.31258,4378.750626999999,15682.063207,0.9772727272727273
Gift_1_ETH,18,18,1,2.0714285714285716,14.0,100,6670.063569,1413.624511,8083.68808,0.7777777777777778
GuessTheNumberChallenge,6,8,0,7.75,8.0,1,88.989007,17.536451,106.525458,1.0
Greeter,15,81,0,7.617283950617284,81.0,4,575.714957,239.06686200000001,814.781819,1.0
EtherBank,13,17,0,2.2857142857142856,14.0,100,5924.359933,1141.7607950000001,7066.120728,0.8235294117647058
EasyPayAndWithDraw,7,8,0,3.75,8.0,6,633.747578,110.64112699999998,744.388705,1.0
IdentityManager,49,90,1,2.76056338028169,71.0,100,9876.557256,3608.5638359999994,13485.121092,0.7888888888888889
DosAuction,7,7,1,4.285714285714286,7.0,0,56.948963,10.199981000000001,67.148944,1.0
Greeter3,15,73,0,8.917808219178083,73.0,0,110.84213,50.440324000000004,161.282454,1.0
AddressBook,19,54,0,9.296296296296296,54.0,2,241.350428,95.967476,337.317904,1.0
IdentityManager,49,90,1,4.070588235294117,85.0,100,15139.360815,5812.287486000001,20951.648301,0.9444444444444444
Greeter,15,81,0,5.185185185185185,81.0,0,106.422521,52.14058099999998,158.563102,1.0
LotteryMultipleWinners,31,45,0,10.266666666666667,45.0,17,2439.445249,756.7652400000002,3196.210489,1.0
EtherBank,13,17,0,2.857142857142857,14.0,100,5544.184286,1034.0226120000007,6578.206898,0.8235294117647058
Gift_1_ETH,18,18,1,2.0,14.0,100,4564.131943,930.0137289999993,5494.145672,0.7777777777777778
GuessTheNumberChallenge,6,8,0,16.875,8.0,0,23.452078,6.421849999999999,29.873928,1.0
MultiSigWallet (2),59,83,0,3.5064935064935066,77.0,100,17729.90952,6486.108934,24216.018454,0.927710843373494
FundRaising,23,21,0,6.333333333333333,21.0,0,58.428317,17.300889000000005,75.729206,1.0
TestDateTime,160,252,1,2.2459016393442623,244.0,100,8177.657039,4822.587925,13000.244964,0.9682539682539683
TestDateTime,160,252,1,2.8401639344262297,244.0,100,14342.140424,9129.311258,23471.451682,0.9682539682539683
FundRaising,23,21,0,8.19047619047619,21.0,0,65.059651,18.651477,83.711128,1.0
MultiSigWallet (2),59,83,0,2.6575342465753424,73.0,100,8176.137195,2700.6024449999995,10876.73964,0.8795180722891566
LotteryFor10,45,44,1,4.534883720930233,43.0,100,9609.897525,3148.9106169999995,12758.808142,0.9772727272727273
Gift_1_ETH,18,18,1,2.0714285714285716,14.0,100,5346.292104,1172.55944,6518.851544,0.7777777777777778
EtherBank,13,17,0,2.4285714285714284,14.0,100,5811.232503,1109.6102519999995,6920.842755,0.8235294117647058
LotteryMultipleWinners,31,45,0,6.295454545454546,44.0,100,12467.858347,3799.988658,16267.847005,0.9777777777777777
Greeter,15,81,0,8.320987654320987,81.0,0,122.183649,54.211242999999996,176.394892,1.0
GuessTheNumberChallenge,6,8,0,10.0,8.0,0,23.131966,7.8839320000000015,31.015898,1.0
IdentityManager,49,90,1,2.6056338028169015,71.0,100,7415.629651,2435.5256500000005,9851.155301,0.7888888888888889
AddressBook,19,54,0,9.37037037037037,54.0,2,293.81207,114.01939199999998,407.831462,1.0
AddressBook,19,54,0,9.666666666666666,54.0,4,472.208781,176.25594200000006,648.464723,1.0
IdentityManager,49,90,1,3.140625,64.0,100,4623.663288,1426.1100340000003,6049.773322,0.7111111111111111
EIP20StandardToken,24,13,1,8.846153846153847,13.0,0,79.438372,25.356156999999996,104.794529,1.0
AddressBook,19,54,0,9.907407407407407,54.0,2,246.940946,92.80002999999999,339.740976,1.0
Greeter,15,81,0,8.567901234567902,81.0,7,1119.108658,465.56246999999985,1584.671128,1.0
EtherBank,13,17,0,2.2857142857142856,14.0,100,6591.825503,1272.3640859999996,7864.189589,0.8235294117647058
LotteryFor10,45,44,1,3.86046511627907,43.0,100,11779.196287,4872.500719999998,16651.697007,0.9772727272727273
Gift_1_ETH,18,18,1,2.0,14.0,100,5043.899036,1035.020141,6078.919177,0.7777777777777778
GuessTheNumberChallenge,6,8,0,9.5,8.0,8,579.549809,85.77689099999998,665.3267,1.0
MultiSigWallet (2),59,83,0,6.573170731707317,82.0,100,18944.035854,6677.738000999998,25621.773855,0.9879518072289156
TestDateTime,160,252,1,2.926530612244898,245.0,100,22681.846739,14524.502126,37206.348865,0.9722222222222222
SecureAuction,11,6,1,5.0,6.0,0,75.803279,17.760092999999998,93.563372,1.0
BasicToken,11,8,0,3.875,8.0,0,73.184533,23.593969,96.778502,1.0
BasicToken,11,8,0,5.5,8.0,0,68.076243,21.243955,89.320198,1.0
LotteryFor10,45,44,1,5.255813953488372,43.0,100,11303.31258,4378.750626999999,15682.063207,0.9772727272727273
SecureAuction,11,6,1,4.0,6.0,0,69.019541,17.580732999999995,86.600274,1.0
TestDateTime,160,252,1,2.3346938775510204,245.0,100,14965.137252,9285.295209,24250.432461,0.9722222222222222
MultiSigWallet (2),59,83,0,2.643835616438356,73.0,100,9830.110522,3013.0387219999993,12843.149244,0.8795180722891566
GuessTheNumberChallenge,6,8,0,10.75,8.0,0,18.063144,7.087145999999997,25.15029,1.0
LotteryFor10,45,44,1,4.372093023255814,43.0,100,10117.537109,3933.4338479999988,14050.970957,0.9772727272727273
EtherBank,13,17,0,2.2857142857142856,14.0,100,6080.751493,1161.3942270000007,7242.14572,0.8235294117647058
Greeter,15,81,0,9.54320987654321,81.0,0,123.15442,57.52553099999999,180.679951,1.0
GuardCheck,10,14,0,3.642857142857143,14.0,0,64.368223,14.254947999999999,78.623171,1.0
EIP20StandardToken,24,13,1,6.230769230769231,13.0,0,80.663871,27.129339,107.79321,1.0
IdentityManager,49,90,1,4.658536585365853,82.0,100,10021.336464,4044.0015619999995,14065.338026,0.9111111111111111
IdentityManager,49,90,1,2.643835616438356,73.0,100,12360.677356,4769.979597999998,17130.656954,0.8111111111111111
AddressBook,19,54,0,8.62962962962963,54.0,5,602.149004,225.447004,827.596008,1.0
FixedSupplyToken,39,22,1,4.818181818181818,22.0,3,337.222348,95.68596400000001,432.908312,1.0
MultiSigWallet (1),56,70,0,6.6,69.0,100,20195.146427,7688.638210000001,27883.784637,0.9857142857142858
MyAdvancedToken,53,3,1,3.0,3.0,0,92.835822,38.195158000000006,131.03098,1.0
theRun,62,83,1,2.0,34.0,100,8278.078805,2657.5418800000007,10935.620685,0.40963855421686746
Rubixi,56,102,1,3.621212121212121,66.0,100,4552.163397,1910.2085779999998,6462.371975,0.6470588235294118
EzToken,31,11,1,4.181818181818182,11.0,0,95.863761,36.05837799999999,131.922139,1.0
Randomness,22,17,0,2.4375,16.0,100,6923.159263,1466.6780790000012,8389.837342,0.9411764705882353
BadAuction,7,7,0,3.0,7.0,0,75.493561,14.311052000000004,89.804613,1.0
Reentrance,9,14,1,2.3846153846153846,13.0,100,4571.273161,843.0269239999998,5414.300085,0.9285714285714286
Greeter2,13,60,0,6.816666666666666,60.0,0,125.580656,60.91458299999999,186.495239,1.0
DosAuction,7,7,1,3.0,7.0,0,58.195427,10.507404999999999,68.702832,1.0
Prover,27,17,1,5.176470588235294,17.0,0,147.299117,64.348863,211.64798,1.0
Prover,27,17,1,3.4705882352941178,17.0,0,143.58795,53.80021099999999,197.388161,1.0
DosAuction,7,7,1,3.0,7.0,0,60.240256,10.749274,70.98953,1.0
Greeter2,13,60,0,5.55,60.0,0,126.264301,58.296159,184.56046,1.0
BadAuction,7,7,0,3.7142857142857144,7.0,0,73.139228,14.29170599999999,87.430934,1.0
BasicToken,11,8,0,3.375,8.0,0,65.317867,20.11881299999999,85.43668,1.0
EzToken,31,11,1,4.818181818181818,11.0,0,110.634475,40.393693,151.028168,1.0
MyAdvancedToken,53,3,1,4.0,3.0,0,103.586016,41.56091599999999,145.146932,1.0
theRun,62,83,1,2.176470588235294,34.0,100,7984.596803,2626.688344,10611.285147,0.40963855421686746
MultiSigWallet (1),56,70,0,3.0,60.0,100,7829.502797,2236.0530900000003,10065.555887,0.8571428571428571
FixedSupplyToken,39,22,1,4.7727272727272725,22.0,8,710.590673,203.28432799999996,913.875001,1.0
FixedSupplyToken,39,22,1,5.2727272727272725,22.0,1,168.515817,50.885084000000006,219.400901,1.0
MultiSigWallet (1),56,70,0,2.847457627118644,58.0,100,10398.555864,3229.748522,13628.304386,0.8285714285714286
theRun,62,83,1,2.176470588235294,34.0,100,8260.57706,2613.647905,10874.224965,0.40963855421686746
EzToken,31,11,1,3.3636363636363638,11.0,0,86.099197,35.11789499999999,121.217092,1.0
Rubixi,56,102,1,2.6666666666666665,66.0,100,2991.191092,1207.0654100000002,4198.256502,0.6470588235294118
BadAuction,7,7,0,2.857142857142857,7.0,0,68.45212,9.681572000000003,78.133692,1.0
Randomness,22,17,0,2.4375,16.0,100,7941.256026,1749.893067,9691.149093,0.9411764705882353
Reentrance,9,14,1,2.3846153846153846,13.0,100,5095.351378,954.506378,6049.857756,0.9285714285714286
OpenAddressLottery,30,34,1,2.125,32.0,100,19503.404046,5313.405695000001,24816.809741,0.9411764705882353
DosAuction,7,7,1,3.857142857142857,7.0,0,57.667925,10.144112000000007,67.812037,1.0
Prover,27,17,1,5.705882352941177,17.0,0,144.508363,57.16539499999999,201.673758,1.0
Prover,27,17,1,4.411764705882353,17.0,0,163.253772,67.17011600000001,230.423888,1.0
DosAuction,7,7,1,3.857142857142857,7.0,0,60.508081,10.807059000000002,71.31514,1.0
OpenAddressLottery,30,34,1,2.9375,32.0,100,19632.008716,5150.636343999999,24782.64506,0.9411764705882353
Reentrance,9,14,1,2.3846153846153846,13.0,100,5626.643069,1141.945592,6768.588661,0.9285714285714286
Randomness,22,17,0,2.4375,16.0,100,7460.748107,1639.6926159999994,9100.440723,0.9411764705882353
EzToken,31,11,1,5.454545454545454,11.0,0,103.099289,41.15038200000001,144.249671,1.0
Rubixi,56,102,1,2.9402985074626864,67.0,100,3243.624471,1219.893811,4463.518282,0.6568627450980392
theRun,62,83,1,2.0,34.0,100,6977.278279,2321.886574,9299.164853,0.40963855421686746
FixedSupplyToken,39,22,1,7.318181818181818,22.0,0,84.06507,27.929462,111.994532,1.0
FixedSupplyToken,39,22,1,5.2272727272727275,22.0,8,712.189188,190.52576900000008,902.714957,1.0
MultiSigWallet (1),56,70,0,3.0327868852459017,60.0,100,9649.910784,2950.4624600000006,12600.373244,0.8571428571428571
GuardCheck,10,14,0,5.142857142857143,14.0,0,57.150941,11.894322000000003,69.045263,1.0
theRun,62,83,1,2.176470588235294,34.0,100,9445.891314,3051.082252,12496.973566,0.40963855421686746
Prover,27,17,1,4.647058823529412,17.0,0,133.878795,53.692274,187.571069,1.0
Rubixi,56,102,1,3.1641791044776117,67.0,100,3661.66396,1518.7385540000005,5180.402514,0.6568627450980392
EzToken,31,11,1,3.727272727272727,11.0,0,96.74934,34.41867699999999,131.168017,1.0
BadAuction,7,7,0,2.5714285714285716,7.0,0,76.468853,14.172407000000007,90.64126,1.0
Randomness,22,17,0,2.4375,16.0,100,8653.555858,1867.9048230000008,10521.460681,0.9411764705882353
DosAuction,7,7,1,4.428571428571429,7.0,0,63.871413,10.403731999999998,74.275145,1.0
Reentrance,9,14,1,2.0,13.0,100,5042.529753,949.5323010000002,5992.062054,0.9285714285714286
Prover,27,17,1,4.588235294117647,17.0,0,137.548101,58.662285999999995,196.210387,1.0
Reentrance,9,14,1,2.0,13.0,100,3608.699708,623.7798549999998,4232.479563,0.9285714285714286
DosAuction,7,7,1,3.0,7.0,0,58.869183,10.343048000000003,69.212231,1.0
Randomness,22,17,0,2.4375,16.0,100,7431.598253,1584.3651719999998,9015.963425,0.9411764705882353
BadAuction,7,7,0,3.2857142857142856,7.0,0,77.711863,14.67313,92.384993,1.0
Rubixi,56,102,1,5.768115942028985,69.0,100,4082.993839,1637.598531,5720.59237,0.6764705882352942
EzToken,31,11,1,4.363636363636363,11.0,0,107.446897,40.19429099999999,147.641188,1.0
GuardCheck,10,14,0,3.7857142857142856,14.0,0,63.585015,14.124460999999997,77.709476,1.0
FundRaising,23,21,0,8.19047619047619,21.0,0,65.095517,21.193667000000005,86.289184,1.0
MultiSigWallet (1),56,70,0,5.084745762711864,58.0,100,8408.627918,2486.003922,10894.63184,0.8285714285714286
FixedSupplyToken,39,22,1,5.090909090909091,22.0,4,402.819591,112.58612299999999,515.405714,1.0
Casino,38,29,0,5.72,25.0,100,6675.211621,1551.0601800000004,8226.271801,0.8620689655172413
MultiSigWallet (1),56,70,0,2.9836065573770494,60.0,100,10827.194296,3397.9013080000004,14225.095604,0.8571428571428571
theRun,62,83,1,2.0,34.0,100,6854.057804,2358.291867,9212.349671,0.40963855421686746
Greeter3,15,73,0,8.479452054794521,73.0,0,97.426002,40.791859,138.217861,1.0
EzToken,31,11,1,5.090909090909091,11.0,0,107.21112,41.243583,148.454703,1.0
Rubixi,56,102,1,4.208955223880597,67.0,100,4215.77347,1949.300725,6165.074195,0.6568627450980392
Randomness,22,17,0,2.4375,16.0,100,8162.859971,1769.3977319999995,9932.257703,0.9411764705882353
BadAuction,7,7,0,2.4285714285714284,7.0,0,74.319674,14.347107999999992,88.666782,1.0
DosAuction,7,7,1,3.857142857142857,7.0,0,60.803399,10.505373000000006,71.308772,1.0
Reentrance,9,14,1,2.0,13.0,100,4437.794128,858.7909860000009,5296.585114,0.9285714285714286
Prover,27,17,1,4.176470588235294,17.0,0,147.421599,62.573407,209.995006,1.0
Prover,27,17,1,3.0,17.0,0,143.924824,61.416855999999996,205.34168,1.0
EzToken,31,11,1,3.727272727272727,11.0,0,93.696216,36.732254,130.42847,1.0
Reentrance,9,14,1,2.0,13.0,100,4751.676267,878.2406799999999,5629.916947,0.9285714285714286
BadAuction,7,7,0,3.2857142857142856,7.0,0,68.010642,13.70350599999999,81.714148,1.0
Randomness,22,17,0,2.625,16.0,100,6436.567512,1346.134846,7782.702358,0.9411764705882353
Rubixi,56,102,1,4.552238805970149,67.0,100,3369.954041,1572.0846499999998,4942.038691,0.6568627450980392
theRun,62,83,1,2.176470588235294,34.0,100,8433.809063,2719.5709609999994,11153.380024,0.40963855421686746
MultiSigWallet (1),56,70,0,2.723076923076923,64.0,100,11718.961254,3972.546284,15691.507538,0.9142857142857143
Casino,38,29,0,6.16,25.0,100,6651.132344,1437.315708,8088.448052,0.8620689655172413
MultiSigWallet (1),56,70,0,3.4262295081967213,60.0,100,11163.439344,3238.2759829999995,14401.715327,0.8571428571428571
FixedSupplyToken,39,22,1,2.142857142857143,21.0,100,6172.475407,1597.2003379999996,7769.675745,0.9545454545454546
