Name,Tot. Statements,Deployed,Tot. Branches,Avg. Test Case Lenght,Branches Covered,Generations,Blockchain Time,Offchain Time,Total time
Casino,38,N,8219.099212,5.52,25,100,6675.188309,1543.910902999999,8219.099212
MyAdvancedToken,53,Y,128.955149,3.3333333333333335,3,0,93.113597,35.84155200000001,128.955149
GuardCheck,10,N,155.924933,2.9285714285714284,14,1,129.042221,26.882711999999998,155.924933
Casino,38,N,8343.191921,5.84,25,100,6852.547195,1490.6447259999995,8343.191921
Rubixi,56,Y,6352.253653,2.656716417910448,67,100,4382.686017,1969.5676359999998,6352.253653
Randomness,22,N,7658.86964,2.4375,16,100,6244.4947,1414.3749399999997,7658.86964
OpenAddressLottery,30,Y,23006.398185,2.625,32,100,18494.127454,4512.270730999997,23006.398185
Reentrance,9,Y,6761.790721,2.0,13,100,5617.346519,1144.4442020000006,6761.790721
Greeter2,13,N,188.262624,7.783333333333333,60,0,128.321613,59.941010999999975,188.262624
Reentrance,9,Y,7169.543436,2.3846153846153846,13,100,5967.365854,1202.1775820000003,7169.543436
OpenAddressLottery,30,Y,25371.777039,2.03125,32,100,19783.766392,5588.010646999999,25371.777039
Randomness,22,N,7981.516951,2.4375,16,100,6557.695812,1423.8211389999997,7981.516951
Rubixi,56,Y,5388.968281,4.402985074626866,67,100,3775.391429,1613.5768520000006,5388.968281
GuardCheck,10,N,246.297596,3.5,14,2,204.889029,41.408567000000005,246.297596
Casino,38,N,7789.189387,5.72,25,100,6386.419251,1402.770136,7789.189387
Casino,38,N,7123.661555,5.72,25,100,5805.88993,1317.7716249999994,7123.661555
MultiSigWallet (1),56,N,16515.179873,2.8548387096774195,61,100,12301.277028,4213.9028450000005,16515.179873
MyAdvancedToken,53,Y,133.231319,2.0,3,0,94.073892,39.15742700000001,133.231319
GuardCheck,10,N,161.864466,5.142857142857143,14,1,134.925248,26.939217999999983,161.864466
BadAuction,7,N,84.380484,3.0,7,0,70.717705,13.662779,84.380484
OpenAddressLottery,30,Y,25272.385563,2.03125,32,100,19790.996384,5481.389179000002,25272.385563
Greeter2,13,N,178.544316,6.5,60,0,121.402024,57.14229200000001,178.544316
Greeter2,13,N,171.552963,5.85,60,0,119.147051,52.405912,171.552963
BadAuction,7,N,88.530421,2.857142857142857,7,0,74.021684,14.50873700000001,88.530421
GuardCheck,10,N,172.950188,4.642857142857143,14,1,142.75207,30.198117999999994,172.950188
MyAdvancedToken,53,Y,132.483461,2.3333333333333335,3,0,95.66901,36.814451000000005,132.483461
MultiSigWallet (1),56,N,10091.503641,6.225352112676056,70,69,7614.422575,2477.0810659999997,10091.503641
theRun,62,Y,10885.636202,2.0588235294117645,34,100,8222.891109,2662.7450929999995,10885.636202
Casino,38,N,8473.663093,5.72,25,100,6921.17335,1552.4897429999992,8473.663093
FixedSupplyToken,39,Y,7315.522444,2.0,21,100,5824.646322,1490.8761220000006,7315.522444
Casino,38,N,8755.020022,5.88,25,100,7107.036802,1647.983220000001,8755.020022
theRun,62,Y,8233.157813,2.2058823529411766,34,100,6195.005704,2038.1521089999997,8233.157813
GuardCheck,10,N,246.488189,3.5,14,1,202.526601,43.961588000000006,246.488189
MyAdvancedToken,53,Y,125.806028,2.6666666666666665,3,0,88.444425,37.361603,125.806028
Greeter2,13,N,201.042478,7.766666666666667,60,0,134.15083,66.89164799999998,201.042478
OpenAddressLottery,30,Y,24857.062253,2.6875,32,100,19435.160745,5421.901507999999,24857.062253
Prover,27,Y,201.708121,3.3529411764705883,17,0,142.57879,59.12933100000001,201.708121
Prover,27,Y,213.498525,6.117647058823529,17,0,150.140001,63.35852399999999,213.498525
OpenAddressLottery,30,Y,24736.775596,3.0625,32,100,19520.217553,5216.558043000001,24736.775596
Greeter2,13,N,166.92974,5.316666666666666,60,0,114.762394,52.16734600000001,166.92974
theRun,62,Y,11675.154082,2.0294117647058822,34,100,8875.738641,2799.415440999999,11675.154082
MyAdvancedToken,53,Y,123.365737,2.6666666666666665,3,0,87.543687,35.82204999999999,123.365737
Casino,38,N,7872.92615,6.16,25,100,6539.348168,1333.5779819999998,7872.92615
Rubixi,56,Y,5053.83367,3.3582089552238807,67,100,3578.214741,1475.6189290000002,5053.83367
FixedSupplyToken,39,Y,8191.94061,2.0,21,100,6494.575157,1697.3654529999994,8191.94061
GuardCheck,10,N,218.326676,3.642857142857143,14,1,180.216678,38.10999799999999,218.326676
MyAdvancedToken,53,Y,143.660724,2.6666666666666665,3,0,101.80671,41.85401399999999,143.660724
OpenAddressLottery,30,Y,24207.705859,2.53125,32,100,19128.6915,5079.014359000001,24207.705859
EzToken,31,Y,164.012244,3.909090909090909,11,1,117.551755,46.46048900000001,164.012244
Greeter2,13,N,179.277007,9.5,60,0,122.094907,57.18209999999999,179.277007
OpenAddressLottery,30,Y,24213.470108,2.25,32,100,19237.83312,4975.636988000002,24213.470108
DosAuction,7,Y,66.549355,2.5714285714285716,7,1,56.920067,9.629288000000003,66.549355
DosAuction,7,Y,72.664466,4.571428571428571,7,1,61.263145,11.401321000000003,72.664466
OpenAddressLottery,30,Y,26024.370634,2.84375,32,100,20120.042876,5904.327757999999,26024.370634
Greeter2,13,N,182.642817,6.866666666666666,60,0,124.847209,57.795608,182.642817
EtherBank,13,N,8736.040036,2.4285714285714284,14,100,7318.559262,1417.4807740000006,8736.040036
EzToken,31,Y,172.756197,3.909090909090909,11,1,123.831893,48.92430399999999,172.756197
MyAdvancedToken,53,Y,132.701813,2.3333333333333335,3,0,94.650344,38.05146899999998,132.701813
GuardCheck,10,N,247.063238,5.5,14,1,203.100406,43.96283200000002,247.063238
Casino,38,N,8255.198961,6.4,25,100,6795.157277,1460.0416839999998,8255.198961
Greeter3,15,N,501.44467,8.397260273972602,73,2,358.780508,142.66416199999998,501.44467
IdentityManager,49,Y,13346.466469,2.647887323943662,71,100,9752.726515,3593.7399540000006,13346.466469
VulnerableTwoStep,11,N,78.622059,4.5,10,0,66.606946,12.015113,78.622059
EIP20StandardToken,24,Y,115.565741,5.384615384615385,13,0,87.955378,27.610363000000007,115.565741
EasyPayAndWithDraw,7,N,424.041974,8.0,8,2,357.144585,66.89738899999998,424.041974
LotteryMultipleWinners,31,N,9987.327043,9.0,45,39,7501.892105,2485.4349379999994,9987.327043
EtherBank,13,N,6088.299993,2.142857142857143,14,100,5130.917289,957.3827039999996,6088.299993
PermissionGroups,58,Y,4875.246471,10.523255813953488,86,30,3665.199866,1210.0466050000005,4875.246471
FundRaising,23,N,78.993203,5.714285714285714,21,0,61.067732,17.925470999999995,78.993203
SecureAuction,11,Y,79.526557,3.5,6,1,64.357738,15.168819,79.526557
BasicToken,11,N,107.075501,4.125,8,1,80.674535,26.400965999999997,107.075501
BasicToken,11,N,108.606811,3.5,8,1,82.226587,26.380224,108.606811
SecureAuction,11,Y,78.358169,4.333333333333333,6,1,63.504115,14.854054000000005,78.358169
FundRaising,23,N,75.791407,8.19047619047619,21,0,57.370932,18.420475000000003,75.791407
EasyPayAndWithDraw,7,N,632.477284,4.625,8,4,535.843075,96.63420900000006,632.477284
EtherBank,13,N,6300.535055,2.4285714285714284,14,100,5271.74348,1028.7915750000002,6300.535055
LotteryMultipleWinners,31,N,15583.502508,9.022727272727273,44,100,12011.960065,3571.5424430000003,15583.502508
EasyPayAndWithDraw,7,N,371.950429,6.0,8,2,313.012156,58.93827299999998,371.950429
MyAdvancedToken,53,Y,149.546481,2.0,3,0,106.700293,42.846188,149.546481
EIP20StandardToken,24,Y,117.168405,6.3076923076923075,13,0,88.872262,28.296143,117.168405
FixedSupplyToken,39,Y,1210.451424,2.8636363636363638,22,13,953.713457,256.73796700000014,1210.451424
IdentityManager,49,Y,18805.71109,4.733333333333333,75,100,13548.251695,5257.459395,18805.71109
Greeter3,15,N,152.651363,7.7534246575342465,73,0,106.605924,46.045439,152.651363
MultiSigWallet (2),59,N,19020.381396,6.341463414634147,82,100,13984.28134,5036.100056000001,19020.381396
VulnerableTwoStep,11,N,92.836579,3.7,10,0,77.906681,14.929897999999994,92.836579
EIP20StandardToken,24,Y,144.189301,8.615384615384615,13,0,109.494508,34.694793000000004,144.189301
LotteryMultipleWinners,31,N,12052.850299,10.222222222222221,45,50,9079.772809,2973.0774899999997,12052.850299
Greeter,15,N,180.381637,9.481481481481481,81,0,123.558175,56.823462000000006,180.381637
Gift_1_ETH,18,Y,8033.020818,2.0714285714285716,14,100,6557.859665,1475.161153,8033.020818
PermissionGroups,58,Y,6722.350831,7.953488372093023,86,52,4990.89806,1731.4527709999993,6722.350831
FundRaising,23,N,78.455721,5.333333333333333,21,0,59.242437,19.213283999999994,78.455721
MultiSigWallet (2),59,N,26825.564248,4.12987012987013,77,100,19507.332862,7318.2313859999995,26825.564248
TestDateTime,160,Y,17475.978919,2.5375,240,100,11011.728926,6464.249993000001,17475.978919
SecureAuction,11,Y,77.945094,2.5,6,1,63.457608,14.487485999999997,77.945094
BasicToken,11,N,108.326401,4.625,8,1,81.115595,27.210806000000005,108.326401
BasicToken,11,N,117.052913,3.625,8,1,88.371706,28.681207,117.052913
SecureAuction,11,Y,81.63267,2.3333333333333335,6,1,66.31044,15.322230000000005,81.63267
TestDateTime,160,Y,13839.537373,2.3333333333333335,240,100,8786.654148,5052.883225,13839.537373
TestDateTime,160,Y,25596.639603,2.1380753138075312,239,100,15744.233883,9852.405719999999,25596.639603
MultiSigWallet (2),59,N,18538.088332,3.056338028169014,71,100,14013.498923,4524.589409,18538.088332
FundRaising,23,N,85.873575,4.619047619047619,21,0,66.371872,19.501703000000006,85.873575
PermissionGroups,58,Y,11781.500988,9.16470588235294,85,100,8859.18432,2922.3166679999995,11781.500988
Reentrance,9,Y,6908.560266,2.0,13,100,5783.235705,1125.3245610000004,6908.560266
Greeter,15,N,1036.171118,5.54320987654321,81,6,729.502964,306.66815399999996,1036.171118
LotteryMultipleWinners,31,N,14949.856373,7.977777777777778,45,86,11405.54809,3544.3082830000003,14949.856373
EasyPayAndWithDraw,7,N,396.178766,12.0,8,2,334.504147,61.67461900000001,396.178766
EIP20StandardToken,24,Y,135.650856,5.923076923076923,13,0,103.113975,32.53688100000001,135.650856
VulnerableTwoStep,11,N,91.077164,3.9,10,0,76.698296,14.378867999999997,91.077164
Greeter3,15,N,152.096874,8.58904109589041,73,0,106.988495,45.10837900000001,152.096874
Greeter3,15,N,138.608376,7.767123287671233,73,0,96.808308,41.800067999999996,138.608376
AddressBook,19,N,508.60836,7.462962962962963,54,3,370.290714,138.31764600000002,508.60836
PermissionGroups,58,Y,8678.518927,8.988372093023257,86,71,6443.755611,2234.7633159999996,8678.518927
VulnerableTwoStep,11,N,77.052943,5.4,10,0,63.835778,13.217165000000001,77.052943
EIP20StandardToken,24,Y,135.361683,5.230769230769231,13,0,103.1079,32.253783,135.361683
EasyPayAndWithDraw,7,N,219.075215,11.5,8,1,181.885348,37.18986699999999,219.075215
GuessTheNumberChallenge,6,N,26.821646,24.5,8,0,19.535513,7.2861329999999995,26.821646
PermissionGroups,58,Y,19580.107503,5.083333333333333,84,100,13624.640534,5955.466968999999,19580.107503
LotteryFor10,45,Y,16651.697007,3.86046511627907,43,100,11779.196287,4872.500719999998,16651.697007
SecureAuction,11,Y,83.590621,3.3333333333333335,6,1,67.436098,16.154522999999998,83.590621
FundRaising,23,N,83.122889,6.095238095238095,21,0,63.597149,19.52574,83.122889
BasicToken,11,N,101.883771,5.25,8,1,78.917032,22.96673899999999,101.883771
BasicToken,11,N,106.276836,5.0,8,1,80.821378,25.455458000000007,106.276836
Greeter2,13,N,185.82446,8.15,60,0,127.526535,58.29792499999999,185.82446
Greeter,15,N,166.634451,6.716049382716049,81,0,113.122617,53.51183400000001,166.634451
SecureAuction,11,Y,83.256051,3.6666666666666665,6,1,66.934222,16.321828999999994,83.256051
LotteryFor10,45,Y,14050.970957,4.372093023255814,43,100,10117.537109,3933.4338479999988,14050.970957
GuessTheNumberChallenge,6,N,30.87448,15.125,8,0,22.864134,8.010345999999998,30.87448
SecureAuction,11,Y,81.396776,3.3333333333333335,6,1,66.422501,14.974275000000006,81.396776
PermissionGroups,58,Y,4609.503434,6.744186046511628,86,42,3353.751309,1255.752125,4609.503434
LotteryMultipleWinners,31,N,6519.350774,5.555555555555555,45,45,4967.167505,1552.1832689999992,6519.350774
EasyPayAndWithDraw,7,N,364.34103,11.875,8,2,307.567253,56.773776999999995,364.34103
EIP20StandardToken,24,Y,132.679566,7.538461538461538,13,0,101.181811,31.497754999999998,132.679566
VulnerableTwoStep,11,N,94.470665,5.6,10,0,79.144892,15.325772999999998,94.470665
AddressBook,19,N,350.123647,10.055555555555555,54,2,254.853178,95.27046899999999,350.123647
Greeter3,15,N,150.145117,7.342465753424658,73,0,104.183177,45.96194,150.145117
Greeter3,15,N,150.430999,10.383561643835616,73,0,105.342174,45.088825000000014,150.430999
VulnerableTwoStep,11,N,85.171095,6.1,10,0,70.677256,14.493838999999994,85.171095
EIP20StandardToken,24,Y,116.516329,9.153846153846153,13,0,87.621584,28.894745,116.516329
EasyPayAndWithDraw,7,N,274.436516,8.25,8,1,226.931631,47.50488499999997,274.436516
LotteryMultipleWinners,31,N,12563.606343,6.7555555555555555,45,100,9644.395228,2919.211115,12563.606343
PermissionGroups,58,Y,9545.252865,7.744186046511628,86,60,7125.560941,2419.6919240000007,9545.252865
VulnerableTwoStep,11,N,96.718922,6.4,10,0,81.4937,15.225222000000002,96.718922
LotteryMultipleWinners,31,N,2643.81165,9.666666666666666,45,12,2019.05728,624.7543700000001,2643.81165
Gift_1_ETH,18,Y,6710.068773,2.0,14,100,5545.366926,1164.7018470000003,6710.068773
SecureAuction,11,Y,85.167219,2.8333333333333335,6,1,68.786654,16.380565000000004,85.167219
FundRaising,23,N,76.303973,6.904761904761905,21,0,58.915515,17.388458,76.303973
BasicToken,11,N,101.310977,4.25,8,1,79.695543,21.615433999999993,101.310977
FundRaising,23,N,86.537759,5.904761904761905,21,0,66.357328,20.180431,86.537759
Gift_1_ETH,18,Y,8303.617097,2.0,14,100,6808.251324,1495.3657730000004,8303.617097
PermissionGroups,58,Y,5622.665558,4.127906976744186,86,53,4277.234509,1345.4310489999998,5622.665558
LotteryMultipleWinners,31,N,20957.200329,8.545454545454545,44,100,16071.54938,4885.650948999999,20957.200329
EasyPayAndWithDraw,7,N,261.040151,7.5,8,1,216.538031,44.50211999999999,261.040151
EIP20StandardToken,24,Y,132.086,9.692307692307692,13,0,99.800712,32.28528800000001,132.086
VulnerableTwoStep,11,N,92.889162,6.7,10,0,78.470087,14.419074999999992,92.889162
Greeter3,15,N,1914.998815,6.465753424657534,73,9,1361.803584,553.1952309999999,1914.998815
AddressBook,19,N,152.591879,9.907407407407407,54,1,107.798089,44.79379,152.591879
IdentityManager,49,Y,19445.995008,4.671232876712328,73,100,14261.344248,5184.650760000002,19445.995008
VulnerableTwoStep,11,N,88.647828,5.7,10,0,73.766334,14.881494000000004,88.647828
Greeter,15,N,163.847023,6.7407407407407405,81,0,113.394494,50.45252900000001,163.847023
PermissionGroups,58,Y,7027.964888,6.267441860465116,86,62,5315.972121,1711.9927670000006,7027.964888
GuessTheNumberChallenge,6,N,27.232286,17.75,8,0,19.834491,7.397794999999999,27.232286
LotteryFor10,45,Y,17176.390878,5.046511627906977,43,100,12610.998036,4565.3928419999975,17176.390878
Gift_1_ETH,18,Y,6470.258224,2.0,14,100,5345.08336,1125.1748640000005,6470.258224
TestDateTime,160,Y,9399.845719,2.2979591836734694,245,100,5984.647469,3415.1982500000013,9399.845719
MultiSigWallet (2),59,N,14575.587605,3.1948051948051948,77,100,10877.388811,3698.198794,14575.587605
MultiSigWallet (2),59,N,14586.287902,2.958904109589041,73,100,11042.140749,3544.147153,14586.287902
Randomness,22,N,7122.570216,2.4375,16,100,5867.723255,1254.8469610000002,7122.570216
TestDateTime,160,Y,34207.022776,2.2081632653061223,245,100,21196.510151,13010.512625,34207.022776
Gift_1_ETH,18,Y,6287.533141,2.0,14,100,5242.059604,1045.4735369999999,6287.533141
LotteryFor10,45,Y,12758.808142,4.534883720930233,43,100,9609.897525,3148.9106169999995,12758.808142
PermissionGroups,58,Y,9830.855645,4.976744186046512,86,87,7365.381019,2465.4746259999993,9830.855645
GuessTheNumberChallenge,6,N,24.952216,7.375,8,0,18.188172,6.764043999999998,24.952216
Greeter,15,N,169.105028,8.45679012345679,81,0,113.472927,55.632101000000006,169.105028
EtherBank,13,N,6505.095491,2.2857142857142856,14,100,5489.763772,1015.3317189999998,6505.095491
VulnerableTwoStep,11,N,86.454059,5.4,10,0,71.672682,14.781377000000006,86.454059
BadAuction,7,N,77.195717,2.4285714285714284,7,0,64.462397,12.733320000000006,77.195717
AddressBook,19,N,350.338521,10.74074074074074,54,2,253.281495,97.05702600000001,350.338521
AddressBook,19,N,359.796197,8.907407407407407,54,2,259.975967,99.82022999999998,359.796197
Greeter3,15,N,155.003734,8.150684931506849,73,0,109.714068,45.28966600000001,155.003734
IdentityManager,49,Y,8831.373045,2.464788732394366,71,100,6573.544758,2257.8282870000003,8831.373045
EasyPayAndWithDraw,7,N,566.488801,7.5,8,4,479.247518,87.24128299999995,566.488801
EtherBank,13,N,5182.834405,2.2857142857142856,14,100,4379.277005,803.5573999999997,5182.834405
GuessTheNumberChallenge,6,N,26.69356,25.0,8,0,19.434201,7.259359,26.69356
Gift_1_ETH,18,Y,5099.254568,2.0,14,100,4234.327297,864.9272710000005,5099.254568
LotteryFor10,45,Y,14924.139986,3.7906976744186047,43,100,10808.008646,4116.13134,14924.139986
MultiSigWallet (2),59,N,24994.024918,3.4285714285714284,77,100,18497.099362,6496.925555999998,24994.024918
TestDateTime,160,Y,14316.531648,2.3541666666666665,240,100,9033.547281,5282.984367000001,14316.531648
LotteryFor10,45,Y,15682.063207,5.255813953488372,43,100,11303.31258,4378.750626999999,15682.063207
Gift_1_ETH,18,Y,8083.68808,2.0714285714285716,14,100,6670.063569,1413.624511,8083.68808
GuessTheNumberChallenge,6,N,106.525458,7.75,8,1,88.989007,17.536451,106.525458
Greeter,15,N,814.781819,7.617283950617284,81,4,575.714957,239.06686200000001,814.781819
EtherBank,13,N,7066.120728,2.2857142857142856,14,100,5924.359933,1141.7607950000001,7066.120728
EasyPayAndWithDraw,7,N,744.388705,3.75,8,6,633.747578,110.64112699999998,744.388705
IdentityManager,49,Y,13485.121092,2.76056338028169,71,100,9876.557256,3608.5638359999994,13485.121092
DosAuction,7,Y,67.617311,2.5714285714285716,7,1,57.424222,10.193089,67.617311
Greeter3,15,N,161.282454,8.917808219178083,73,0,110.84213,50.440324000000004,161.282454
AddressBook,19,N,337.317904,9.296296296296296,54,2,241.350428,95.967476,337.317904
IdentityManager,49,Y,20951.648301,4.070588235294117,85,100,15139.360815,5812.287486000001,20951.648301
Greeter,15,N,158.563102,5.185185185185185,81,0,106.422521,52.14058099999998,158.563102
LotteryMultipleWinners,31,N,3196.210489,10.266666666666667,45,17,2439.445249,756.7652400000002,3196.210489
EtherBank,13,N,6578.206898,2.857142857142857,14,100,5544.184286,1034.0226120000007,6578.206898
Gift_1_ETH,18,Y,5494.145672,2.0,14,100,4564.131943,930.0137289999993,5494.145672
GuessTheNumberChallenge,6,N,29.873928,16.875,8,0,23.452078,6.421849999999999,29.873928
MultiSigWallet (2),59,N,24216.018454,3.5064935064935066,77,100,17729.90952,6486.108934,24216.018454
FundRaising,23,N,75.729206,6.333333333333333,21,0,58.428317,17.300889000000005,75.729206
TestDateTime,160,Y,13000.244964,2.2459016393442623,244,100,8177.657039,4822.587925,13000.244964
TestDateTime,160,Y,23471.451682,2.8401639344262297,244,100,14342.140424,9129.311258,23471.451682
FundRaising,23,N,83.711128,8.19047619047619,21,0,65.059651,18.651477,83.711128
MultiSigWallet (2),59,N,10876.73964,2.6575342465753424,73,100,8176.137195,2700.6024449999995,10876.73964
LotteryFor10,45,Y,12758.808142,4.534883720930233,43,100,9609.897525,3148.9106169999995,12758.808142
Gift_1_ETH,18,Y,6518.851544,2.0714285714285716,14,100,5346.292104,1172.55944,6518.851544
EtherBank,13,N,6920.842755,2.4285714285714284,14,100,5811.232503,1109.6102519999995,6920.842755
LotteryMultipleWinners,31,N,16267.847005,6.295454545454546,44,100,12467.858347,3799.988658,16267.847005
Greeter,15,N,176.394892,8.320987654320987,81,0,122.183649,54.211242999999996,176.394892
GuessTheNumberChallenge,6,N,31.015898,10.0,8,0,23.131966,7.8839320000000015,31.015898
IdentityManager,49,Y,9851.155301,2.6056338028169015,71,100,7415.629651,2435.5256500000005,9851.155301
AddressBook,19,N,407.831462,9.37037037037037,54,2,293.81207,114.01939199999998,407.831462
AddressBook,19,N,648.464723,9.666666666666666,54,4,472.208781,176.25594200000006,648.464723
IdentityManager,49,Y,6049.773322,3.140625,64,100,4623.663288,1426.1100340000003,6049.773322
EIP20StandardToken,24,Y,122.040771,4.6923076923076925,13,0,91.467086,30.57368500000001,122.040771
AddressBook,19,N,339.740976,9.907407407407407,54,2,246.940946,92.80002999999999,339.740976
Greeter,15,N,1584.671128,8.567901234567902,81,7,1119.108658,465.56246999999985,1584.671128
EtherBank,13,N,7864.189589,2.2857142857142856,14,100,6591.825503,1272.3640859999996,7864.189589
LotteryFor10,45,Y,16651.697007,3.86046511627907,43,100,11779.196287,4872.500719999998,16651.697007
Gift_1_ETH,18,Y,6078.919177,2.0,14,100,5043.899036,1035.020141,6078.919177
GuessTheNumberChallenge,6,N,665.3267,9.5,8,8,579.549809,85.77689099999998,665.3267
MultiSigWallet (2),59,N,25621.773855,6.573170731707317,82,100,18944.035854,6677.738000999998,25621.773855
TestDateTime,160,Y,37206.348865,2.926530612244898,245,100,22681.846739,14524.502126,37206.348865
SecureAuction,11,Y,85.420608,4.0,6,1,69.652426,15.768181999999996,85.420608
BasicToken,11,N,99.258191,2.375,8,1,74.028367,25.229823999999994,99.258191
BasicToken,11,N,99.700767,3.375,8,1,75.993241,23.707526,99.700767
LotteryFor10,45,Y,15682.063207,5.255813953488372,43,100,11303.31258,4378.750626999999,15682.063207
SecureAuction,11,Y,85.779787,2.8333333333333335,6,1,69.795208,15.984578999999997,85.779787
TestDateTime,160,Y,24250.432461,2.3346938775510204,245,100,14965.137252,9285.295209,24250.432461
MultiSigWallet (2),59,N,12843.149244,2.643835616438356,73,100,9830.110522,3013.0387219999993,12843.149244
GuessTheNumberChallenge,6,N,25.15029,10.75,8,0,18.063144,7.087145999999997,25.15029
LotteryFor10,45,Y,14050.970957,4.372093023255814,43,100,10117.537109,3933.4338479999988,14050.970957
EtherBank,13,N,7242.14572,2.2857142857142856,14,100,6080.751493,1161.3942270000007,7242.14572
Greeter,15,N,180.679951,9.54320987654321,81,0,123.15442,57.52553099999999,180.679951
GuardCheck,10,N,243.692063,3.5714285714285716,14,2,202.631829,41.06023399999998,243.692063
EIP20StandardToken,24,Y,127.257982,6.153846153846154,13,0,96.084382,31.173599999999993,127.257982
IdentityManager,49,Y,14065.338026,4.658536585365853,82,100,10021.336464,4044.0015619999995,14065.338026
IdentityManager,49,Y,17130.656954,2.643835616438356,73,100,12360.677356,4769.979597999998,17130.656954
AddressBook,19,N,827.596008,8.62962962962963,54,5,602.149004,225.447004,827.596008
FixedSupplyToken,39,Y,432.908312,4.818181818181818,22,3,337.222348,95.68596400000001,432.908312
MultiSigWallet (1),56,N,27883.784637,6.6,69,100,20195.146427,7688.638210000001,27883.784637
MyAdvancedToken,53,Y,131.03098,3.0,3,0,92.835822,38.195158000000006,131.03098
theRun,62,Y,10935.620685,2.0,34,100,8278.078805,2657.5418800000007,10935.620685
Rubixi,56,Y,6462.371975,3.621212121212121,66,100,4552.163397,1910.2085779999998,6462.371975
EzToken,31,Y,147.022959,3.0,11,1,105.004673,42.01828599999999,147.022959
Randomness,22,N,8389.837342,2.4375,16,100,6923.159263,1466.6780790000012,8389.837342
BadAuction,7,N,89.804613,3.0,7,0,75.493561,14.311052000000004,89.804613
Reentrance,9,Y,5414.300085,2.3846153846153846,13,100,4571.273161,843.0269239999998,5414.300085
Greeter2,13,N,186.495239,6.816666666666666,60,0,125.580656,60.91458299999999,186.495239
DosAuction,7,Y,76.292726,4.285714285714286,7,1,64.163171,12.129554999999996,76.292726
Prover,27,Y,167.731293,4.411764705882353,17,0,120.083723,47.64756999999999,167.731293
Prover,27,Y,218.470492,4.0588235294117645,17,0,153.81253,64.657962,218.470492
DosAuction,7,Y,73.560563,3.857142857142857,7,1,62.209571,11.350992000000005,73.560563
Greeter2,13,N,184.56046,5.55,60,0,126.264301,58.296159,184.56046
BadAuction,7,N,87.430934,3.7142857142857144,7,0,73.139228,14.29170599999999,87.430934
BasicToken,11,N,110.388997,6.25,8,1,83.498859,26.890138000000007,110.388997
EzToken,31,Y,168.905213,4.2727272727272725,11,1,122.247353,46.65786,168.905213
MyAdvancedToken,53,Y,145.146932,4.0,3,0,103.586016,41.56091599999999,145.146932
theRun,62,Y,10611.285147,2.176470588235294,34,100,7984.596803,2626.688344,10611.285147
MultiSigWallet (1),56,N,10065.555887,3.0,60,100,7829.502797,2236.0530900000003,10065.555887
FixedSupplyToken,39,Y,913.875001,4.7727272727272725,22,8,710.590673,203.28432799999996,913.875001
FixedSupplyToken,39,Y,219.400901,5.2727272727272725,22,1,168.515817,50.885084000000006,219.400901
MultiSigWallet (1),56,N,13628.304386,2.847457627118644,58,100,10398.555864,3229.748522,13628.304386
theRun,62,Y,10874.224965,2.176470588235294,34,100,8260.57706,2613.647905,10874.224965
EzToken,31,Y,174.593446,5.636363636363637,11,1,124.661287,49.932159,174.593446
Rubixi,56,Y,4198.256502,2.6666666666666665,66,100,2991.191092,1207.0654100000002,4198.256502
BadAuction,7,N,78.133692,2.857142857142857,7,0,68.45212,9.681572000000003,78.133692
Randomness,22,N,9691.149093,2.4375,16,100,7941.256026,1749.893067,9691.149093
Reentrance,9,Y,6049.857756,2.3846153846153846,13,100,5095.351378,954.506378,6049.857756
OpenAddressLottery,30,Y,24816.809741,2.125,32,100,19503.404046,5313.405695000001,24816.809741
DosAuction,7,Y,77.03799,3.857142857142857,7,1,65.272001,11.76598899999999,77.03799
Prover,27,Y,290.509556,3.3529411764705883,17,0,211.920416,78.58913999999999,290.509556
Prover,27,Y,209.411537,5.294117647058823,17,0,150.826826,58.584711,209.411537
DosAuction,7,Y,66.342794,2.5714285714285716,7,1,56.141767,10.201026999999996,66.342794
OpenAddressLottery,30,Y,24782.64506,2.9375,32,100,19632.008716,5150.636343999999,24782.64506
Reentrance,9,Y,6768.588661,2.3846153846153846,13,100,5626.643069,1141.945592,6768.588661
Randomness,22,N,9100.440723,2.4375,16,100,7460.748107,1639.6926159999994,9100.440723
EzToken,31,Y,167.966754,4.545454545454546,11,1,120.2885,47.67825400000001,167.966754
Rubixi,56,Y,4463.518282,2.9402985074626864,67,100,3243.624471,1219.893811,4463.518282
theRun,62,Y,9299.164853,2.0,34,100,6977.278279,2321.886574,9299.164853
FixedSupplyToken,39,Y,111.994532,7.318181818181818,22,0,84.06507,27.929462,111.994532
FixedSupplyToken,39,Y,902.714957,5.2272727272727275,22,8,712.189188,190.52576900000008,902.714957
MultiSigWallet (1),56,N,12600.373244,3.0327868852459017,60,100,9649.910784,2950.4624600000006,12600.373244
GuardCheck,10,N,145.963948,3.4285714285714284,14,1,121.915195,24.04875299999999,145.963948
theRun,62,Y,12496.973566,2.176470588235294,34,100,9445.891314,3051.082252,12496.973566
Prover,27,Y,225.252794,3.6470588235294117,17,0,157.661495,67.59129899999999,225.252794
Rubixi,56,Y,5180.402514,3.1641791044776117,67,100,3661.66396,1518.7385540000005,5180.402514
EzToken,31,Y,160.072386,3.909090909090909,11,1,112.193706,47.87867999999999,160.072386
BadAuction,7,N,90.64126,2.5714285714285716,7,0,76.468853,14.172407000000007,90.64126
Randomness,22,N,10521.460681,2.4375,16,100,8653.555858,1867.9048230000008,10521.460681
DosAuction,7,Y,69.849927,3.2857142857142856,7,1,59.80725,10.04267699999999,69.849927
Reentrance,9,Y,5992.062054,2.0,13,100,5042.529753,949.5323010000002,5992.062054
Prover,27,Y,209.654251,2.9411764705882355,17,0,151.058839,58.59541199999998,209.654251
Reentrance,9,Y,4232.479563,2.0,13,100,3608.699708,623.7798549999998,4232.479563
DosAuction,7,Y,71.979847,2.5714285714285716,7,1,61.44894,10.530907000000006,71.979847
Randomness,22,N,9015.963425,2.4375,16,100,7431.598253,1584.3651719999998,9015.963425
BadAuction,7,N,92.384993,3.2857142857142856,7,0,77.711863,14.67313,92.384993
Rubixi,56,Y,5720.59237,5.768115942028985,69,100,4082.993839,1637.598531,5720.59237
EzToken,31,Y,168.196138,4.7272727272727275,11,1,122.371776,45.824361999999994,168.196138
GuardCheck,10,N,151.802026,6.785714285714286,14,1,125.690879,26.111147000000017,151.802026
FundRaising,23,N,86.289184,8.19047619047619,21,0,65.095517,21.193667000000005,86.289184
MultiSigWallet (1),56,N,10894.63184,5.084745762711864,58,100,8408.627918,2486.003922,10894.63184
FixedSupplyToken,39,Y,515.405714,5.090909090909091,22,4,402.819591,112.58612299999999,515.405714
Casino,38,N,8226.271801,5.72,25,100,6675.211621,1551.0601800000004,8226.271801
MultiSigWallet (1),56,N,14225.095604,2.9836065573770494,60,100,10827.194296,3397.9013080000004,14225.095604
theRun,62,Y,9212.349671,2.0,34,100,6854.057804,2358.291867,9212.349671
Greeter3,15,N,138.217861,8.479452054794521,73,0,97.426002,40.791859,138.217861
EzToken,31,Y,159.610491,4.7272727272727275,11,1,116.302293,43.30819799999999,159.610491
Rubixi,56,Y,6165.074195,4.208955223880597,67,100,4215.77347,1949.300725,6165.074195
Randomness,22,N,9932.257703,2.4375,16,100,8162.859971,1769.3977319999995,9932.257703
BadAuction,7,N,88.666782,2.4285714285714284,7,0,74.319674,14.347107999999992,88.666782
DosAuction,7,Y,63.89147,3.2857142857142856,7,1,54.3067,9.584769999999999,63.89147
Reentrance,9,Y,5296.585114,2.0,13,100,4437.794128,858.7909860000009,5296.585114
Prover,27,Y,219.954169,4.411764705882353,17,0,155.673309,64.28086000000002,219.954169
Prover,27,Y,215.446195,3.176470588235294,17,0,152.162384,63.283810999999986,215.446195
EzToken,31,Y,155.297709,3.4545454545454546,11,1,112.753992,42.543717,155.297709
Reentrance,9,Y,5629.916947,2.0,13,100,4751.676267,878.2406799999999,5629.916947
BadAuction,7,N,81.714148,3.2857142857142856,7,0,68.010642,13.70350599999999,81.714148
Randomness,22,N,7782.702358,2.625,16,100,6436.567512,1346.134846,7782.702358
Rubixi,56,Y,4942.038691,4.552238805970149,67,100,3369.954041,1572.0846499999998,4942.038691
theRun,62,Y,11153.380024,2.176470588235294,34,100,8433.809063,2719.5709609999994,11153.380024
MultiSigWallet (1),56,N,15691.507538,2.723076923076923,64,100,11718.961254,3972.546284,15691.507538
Casino,38,N,8088.448052,6.16,25,100,6651.132344,1437.315708,8088.448052
MultiSigWallet (1),56,N,14401.715327,3.4262295081967213,60,100,11163.439344,3238.2759829999995,14401.715327
FixedSupplyToken,39,Y,7769.675745,2.142857142857143,21,100,6172.475407,1597.2003379999996,7769.675745
